id,home_team_id,away_team_id,home_team_score,away_team_score,date
0011600001,1610612761,1610612744,97,93,20161001
0011600002,1610612740,1610612742,116,102,20161001
0011600003,1610612745,12329,131,94,20161002
0011600010,12315,1610612760,142,137,20161003
0011600005,1610612741,1610612749,91,93,20161003
0011600006,1610612763,1610612753,102,97,20161003
0011600009,1610612742,1610612766,95,88,20161003
0011600004,1610612761,1610612743,106,108,20161003
0011600007,1610612756,1610612759,91,86,20161003
0011600008,1610612757,1610612762,98,89,20161003
0011600011,1610612755,1610612738,92,89,20161004
0011600012,1610612764,1610612748,95,106,20161004
0011600013,1610612740,1610612754,96,113,20161004
0011600014,1610612745,1610612752,130,103,20161004
0011600015,1610612747,1610612758,103,84,20161004
0011600016,1610612744,1610612746,120,73,20161004
0011600020,12304,1610612760,89,92,20161005
0011600017,1610612739,1610612753,117,102,20161005
0011600018,1610612756,1610612762,99,104,20161005
0011600019,1610612746,1610612761,104,98,20161005
0011600021,1610612755,1610612764,119,125,20161006
0011600022,1610612754,1610612741,115,108,20161006
0011600024,1610612751,1610612765,101,94,20161006
0011600025,1610612766,1610612738,92,107,20161006
0011600023,1610612763,1610612737,83,104,20161006
0011600026,1610612744,1610612758,105,96,20161006
0011600027,1610612757,1610612756,115,110,20161007
0011600028,1610612747,1610612743,97,101,20161007
0011600029,1610612738,1610612766,104,86,20161008
0011600031,1610612752,1610612751,116,98,20161008
0011600033,1610612739,1610612755,108,105,20161008
0011600030,1610612741,1610612754,121,105,20161008
0011600032,1610612748,1610612750,100,109,20161008
0011600034,1610612749,1610612742,88,74,20161008
0011600035,1610612759,1610612737,102,91,20161008
0011600037,1610612745,1610612740,123,117,20161009
0011600036,1610612747,1610612743,124,115,20161009
0011600038,1610612766,1610612750,98,86,20161010
0011600039,1610612752,1610612764,90,88,20161010
0011600040,1610612737,1610612739,99,93,20161010
0011600041,1610612765,1610612759,81,86,20161010
0011600042,1610612746,1610612762,94,96,20161010
0011600043,1610612758,93,135,96,20161010
0011600045,1610612748,1610612751,121,100,20161011
0011600044,1610612763,1610612755,121,91,20161011
0011600046,1610612742,1610612760,114,109,20161011
0011600047,1610612747,1610612757,106,109,20161011
0011600052,1610612740,1610612745,104,116,20161012
0011600049,1610612753,1610612759,89,95,20161012
0011600048,1610612754,1610612749,101,83,20161012
0011600050,1610612750,1610612743,105,88,20161012
0011600051,1610612762,1610612756,110,111,20161012
0011600053,1610612764,1610612755,100,79,20161013
0011600055,1610612751,1610612738,97,100,20161013
0011600056,1610612737,1610612765,94,99,20161013
0011600054,1610612760,1610612763,94,110,20161013
0011600059,1610612739,1610612761,94,119,20161013
0011600057,1610612746,1610612757,109,108,20161013
0011600058,1610612747,1610612758,104,116,20161013
0011600060,1610612761,12330,122,105,20161014
0011600061,1610612753,1610612754,114,106,20161014
0011600062,1610612741,1610612739,118,108,20161014
0011600065,1610612759,1610612748,100,108,20161014
0011600063,1610612743,1610612744,128,129,20161014
0011600064,1610612756,1610612742,112,107,20161014
0011600066,1610612755,1610612765,76,97,20161015
0011600069,1610612758,1610612764,124,119,20161015
0011600070,1610612752,1610612738,107,119,20161015
0011600071,1610612748,1610612750,96,101,20161015
0011600067,1610612745,1610612763,125,134,20161015
0011600072,1610612749,1610612741,86,107,20161015
0011600068,1610612747,1610612744,107,112,20161015
0011600073,1610612753,1610612737,98,105,20161016
0011600074,1610612760,1610612750,112,94,20161016
0011600075,1610612757,1610612743,97,106,20161016
0011600078,1610612738,1610612751,120,99,20161017
0011600079,1610612765,1610612749,102,78,20161017
0011600076,1610612741,1610612766,104,108,20161017
0011600077,1610612762,1610612746,104,78,20161017
0011600080,1610612739,1610612764,91,96,20161018
0011600083,1610612737,1610612740,96,89,20161018
0011600084,1610612748,1610612753,107,77,20161018
0011600081,1610612760,1610612743,97,87,20161018
0011600082,1610612758,1610612746,89,92,20161018
0011600089,1610612738,1610612752,96,121,20161019
0011600090,1610612765,1610612761,92,103,20161019
0011600085,1610612749,1610612754,111,103,20161019
0011600086,1610612750,1610612763,101,94,20161019
0011600091,1610612742,1610612745,91,106,20161019
0011600087,1610612762,1610612757,84,88,20161019
0011600088,1610612747,1610612744,112,123,20161019
0011600092,1610612766,1610612748,96,88,20161020
0011600093,1610612753,1610612740,114,111,20161020
0011600095,1610612751,1610612752,111,116,20161020
0011600094,1610612741,1610612737,81,97,20161020
0011600096,1610612764,1610612761,119,82,20161021
0011600100,1610612748,1610612755,110,113,20161021
0011600097,1610612750,1610612766,109,74,20161021
0011600101,1610612759,1610612745,114,99,20161021
0011600098,1610612743,1610612742,101,75,20161021
0011600099,1610612747,1610612756,94,98,20161021
0011600102,1610612744,1610612757,107,96,20161021
0021600001,1610612739,1610612752,117,88,20161025
0021600002,1610612757,1610612762,113,104,20161025
0021600003,1610612744,1610612759,100,129,20161025
0021600004,1610612753,1610612748,96,108,20161026
0021600005,1610612754,1610612742,130,121,20161026
0021600006,1610612738,1610612751,122,117,20161026
0021600007,1610612761,1610612765,109,91,20161026
0021600008,1610612749,1610612766,96,107,20161026
0021600009,1610612763,1610612750,102,98,20161026
0021600010,1610612740,1610612743,102,107,20161026
0021600011,1610612755,1610612760,97,103,20161026
0021600012,1610612756,1610612758,94,113,20161026
0021600013,1610612747,1610612745,120,114,20161026
0021600014,1610612737,1610612764,114,99,20161027
0021600015,1610612741,1610612738,105,99,20161027
0021600016,1610612758,1610612759,94,102,20161027
0021600017,1610612757,1610612746,106,114,20161027
0021600018,1610612761,1610612739,91,94,20161028
0021600019,1610612751,1610612754,103,94,20161028
0021600020,1610612765,1610612753,108,82,20161028
0021600021,1610612760,1610612756,113,110,20161028
0021600022,1610612748,1610612766,91,97,20161028
0021600023,1610612742,1610612745,98,106,20161028
0021600024,1610612762,1610612747,96,89,20161028
0021600025,1610612740,1610612744,114,122,20161028
0021600026,1610612755,1610612737,72,104,20161029
0021600027,1610612766,1610612738,98,104,20161029
0021600028,1610612752,1610612763,111,104,20161029
0021600029,1610612739,1610612753,105,99,20161029
0021600030,1610612741,1610612754,118,101,20161029
0021600031,1610612749,1610612751,110,108,20161029
0021600032,1610612759,1610612740,98,79,20161029
0021600033,1610612743,1610612757,113,115,20161029
0021600034,1610612758,1610612750,106,103,20161029
0021600035,1610612746,1610612762,88,75,20161030
0021600036,1610612756,1610612744,100,106,20161030
0021600037,1610612748,1610612759,99,106,20161030
0021600038,1610612765,1610612749,98,83,20161030
0021600040,1610612760,1610612747,113,96,20161030
0021600039,1610612763,1610612764,112,103,20161030
0021600041,1610612745,1610612742,93,92,20161030
0021600042,1610612761,1610612743,105,102,20161031
0021600043,1610612751,1610612741,88,118,20161031
0021600044,1610612737,1610612758,106,95,20161031
0021600045,1610612746,1610612756,116,98,20161031
0021600047,1610612739,1610612745,128,120,20161101
0021600046,1610612755,1610612753,101,103,20161101
0021600048,1610612754,1610612747,115,108,20161101
0021600049,1610612748,1610612758,108,96,20161101
0021600050,1610612765,1610612752,102,89,20161101
0021600051,1610612740,1610612749,113,117,20161101
0021600052,1610612750,1610612763,116,80,20161101
0021600053,1610612759,1610612762,91,106,20161101
0021600054,1610612757,1610612744,104,127,20161101
0021600055,1610612764,1610612761,103,113,20161102
0021600056,1610612766,1610612755,109,93,20161102
0021600057,1610612751,1610612765,109,101,20161102
0021600058,1610612752,1610612745,99,118,20161102
0021600059,1610612737,1610612747,116,123,20161102
0021600060,1610612763,1610612740,89,83,20161102
0021600061,1610612738,1610612741,107,100,20161102
0021600062,1610612762,1610612742,97,81,20161102
0021600063,1610612756,1610612757,118,115,20161102
0021600064,1610612746,1610612760,83,85,20161102
0021600065,1610612753,1610612758,102,94,20161103
0021600066,1610612749,1610612754,125,107,20161103
0021600067,1610612750,1610612743,99,102,20161103
0021600068,1610612739,1610612738,128,122,20161103
0021600069,1610612744,1610612760,122,96,20161103
0021600070,1610612764,1610612737,95,92,20161104
0021600071,1610612761,1610612748,96,87,20161104
0021600072,1610612751,1610612766,95,99,20161104
0021600073,1610612741,1610612752,104,117,20161104
0021600074,1610612763,1610612746,88,99,20161104
0021600075,1610612740,1610612756,111,112,20161104
0021600076,1610612742,1610612757,95,105,20161104
0021600077,1610612762,1610612759,86,100,20161104
0021600078,1610612747,1610612744,117,97,20161104
0021600079,1610612760,1610612750,112,92,20161105
0021600080,1610612755,1610612739,101,102,20161105
0021600081,1610612753,1610612764,88,86,20161105
0021600082,1610612765,1610612743,103,86,20161105
0021600083,1610612754,1610612741,111,94,20161105
0021600084,1610612737,1610612745,112,97,20161105
0021600085,1610612749,1610612758,117,91,20161105
0021600086,1610612759,1610612746,92,116,20161105
0021600087,1610612752,1610612762,109,114,20161106
0021600088,1610612763,1610612757,94,100,20161106
0021600089,1610612761,1610612758,91,96,20161106
0021600090,1610612742,1610612749,86,75,20161106
0021600091,1610612738,1610612743,107,123,20161106
0021600092,1610612747,1610612756,119,108,20161106
0021600093,1610612755,1610612762,84,109,20161107
0021600094,1610612764,1610612745,106,114,20161107
0021600095,1610612766,1610612754,122,100,20161107
0021600096,1610612741,1610612753,112,80,20161107
0021600097,1610612760,1610612748,97,85,20161107
0021600098,1610612746,1610612765,114,82,20161107
0021600099,1610612744,1610612740,116,106,20161107
0021600100,1610612739,1610612737,106,110,20161108
0021600101,1610612751,1610612750,119,110,20161108
0021600102,1610612763,1610612743,108,107,20161108
0021600103,1610612757,1610612756,124,121,20161108
0021600104,1610612747,1610612742,97,109,20161108
0021600105,1610612758,1610612740,102,94,20161108
0021600106,1610612752,1610612751,110,96,20161109
0021600107,1610612764,1610612738,118,93,20161109
0021600108,1610612766,1610612762,104,98,20161109
0021600109,1610612753,1610612750,107,123,20161109
0021600110,1610612754,1610612755,122,115,20161109
0021600111,1610612737,1610612741,115,107,20161109
0021600112,1610612760,1610612761,102,112,20161109
0021600113,1610612756,1610612765,107,100,20161109
0021600114,1610612759,1610612745,99,101,20161109
0021600115,1610612746,1610612757,111,80,20161109
0021600116,1610612744,1610612742,116,95,20161109
0021600117,1610612749,1610612740,106,112,20161110
0021600118,1610612748,1610612741,95,98,20161110
0021600119,1610612743,1610612744,101,125,20161110
0021600120,1610612758,1610612747,91,101,20161110
0021600121,1610612755,1610612754,109,105,20161111
0021600122,1610612764,1610612739,94,105,20161111
0021600123,1610612766,1610612761,111,113,20161111
0021600124,1610612753,1610612762,74,87,20161111
0021600125,1610612738,1610612752,115,87,20161111
0021600126,1610612760,1610612746,108,110,20161111
0021600127,1610612759,1610612765,96,86,20161111
0021600128,1610612757,1610612758,122,120,20161111
0021600129,1610612740,1610612747,99,126,20161112
0021600130,1610612754,1610612738,99,105,20161112
0021600131,1610612761,1610612752,118,107,20161112
0021600132,1610612737,1610612755,117,96,20161112
0021600133,1610612741,1610612764,106,95,20161112
0021600134,1610612745,1610612759,100,106,20161112
0021600135,1610612750,1610612746,105,119,20161112
0021600136,1610612748,1610612762,91,102,20161112
0021600137,1610612749,1610612763,106,96,20161112
0021600138,1610612743,1610612765,95,106,20161112
0021600139,1610612756,1610612751,104,122,20161112
0021600140,1610612739,1610612766,100,93,20161113
0021600141,1610612760,1610612753,117,119,20161113
0021600142,1610612750,1610612747,125,99,20161113
0021600143,1610612744,1610612756,133,120,20161113
0021600144,1610612757,1610612743,112,105,20161113
0021600145,1610612754,1610612753,88,69,20161114
0021600146,1610612752,1610612742,93,77,20161114
0021600147,1610612765,1610612760,104,88,20161114
0021600148,1610612740,1610612738,106,105,20161114
0021600149,1610612745,1610612755,115,88,20161114
0021600150,1610612759,1610612748,94,90,20161114
0021600151,1610612762,1610612763,96,102,20161114
0021600152,1610612746,1610612751,127,95,20161114
0021600153,1610612739,1610612761,121,117,20161115
0021600154,1610612748,1610612737,90,93,20161115
0021600155,1610612750,1610612766,108,115,20161115
0021600156,1610612757,1610612741,88,113,20161115
0021600157,1610612747,1610612751,125,118,20161115
0021600158,1610612755,1610612764,109,102,20161116
0021600159,1610612753,1610612740,89,82,20161116
0021600160,1610612754,1610612739,103,93,20161116
0021600161,1610612738,1610612742,90,83,20161116
0021600162,1610612752,1610612765,105,102,20161116
0021600163,1610612737,1610612749,107,100,20161116
0021600164,1610612760,1610612745,105,103,20161116
0021600165,1610612761,1610612744,121,127,20161116
0021600166,1610612743,1610612756,120,104,20161116
0021600167,1610612746,1610612763,107,111,20161116
0021600168,1610612758,1610612759,105,110,20161116
0021600169,1610612764,1610612752,119,112,20161117
0021600170,1610612748,1610612749,96,73,20161117
0021600171,1610612745,1610612757,126,109,20161117
0021600172,1610612750,1610612755,110,86,20161117
0021600173,1610612762,1610612741,77,85,20161117
0021600174,1610612766,1610612737,100,96,20161118
0021600176,1610612754,1610612756,96,116,20161118
0021600175,1610612739,1610612765,104,81,20161118
0021600177,1610612740,1610612757,113,101,20161118
0021600178,1610612760,1610612751,124,105,20161118
0021600179,1610612738,1610612744,88,104,20161118
0021600180,1610612742,1610612763,64,80,20161118
0021600181,1610612743,1610612761,111,113,20161118
0021600182,1610612747,1610612759,107,116,20161118
0021600183,1610612758,1610612746,115,121,20161118
0021600184,1610612745,1610612762,111,102,20161119
0021600185,1610612740,1610612766,121,116,20161119
0021600186,1610612764,1610612748,111,114,20161119
0021600187,1610612753,1610612742,95,87,20161119
0021600188,1610612765,1610612738,92,94,20161119
0021600189,1610612755,1610612756,120,105,20161119
0021600190,1610612763,1610612750,93,71,20161119
0021600191,1610612749,1610612744,121,124,20161119
0021600192,1610612746,1610612741,102,95,20161119
0021600193,1610612752,1610612737,104,94,20161120
0021600194,1610612751,1610612757,109,129,20161120
0021600195,1610612760,1610612754,111,115,20161120
0021600196,1610612758,1610612761,102,99,20161120
0021600197,1610612743,1610612762,105,91,20161120
0021600198,1610612747,1610612741,110,118,20161120
0021600199,1610612755,1610612748,101,94,20161121
0021600200,1610612764,1610612756,106,101,20161121
0021600201,1610612766,1610612763,90,105,20161121
0021600202,1610612754,1610612744,83,120,20161121
0021600203,1610612765,1610612745,96,99,20161121
0021600204,1610612749,1610612753,93,89,20161121
0021600205,1610612750,1610612738,93,99,20161121
0021600206,1610612759,1610612742,96,91,20161121
0021600207,1610612746,1610612761,123,115,20161121
0021600208,1610612752,1610612757,107,103,20161122
0021600209,1610612737,1610612740,94,112,20161122
0021600210,1610612743,1610612741,110,107,20161122
0021600211,1610612747,1610612760,111,109,20161122
0021600212,1610612755,1610612763,99,104,20161123
0021600213,1610612766,1610612759,114,119,20161123
0021600214,1610612753,1610612756,87,92,20161123
0021600215,1610612739,1610612757,137,125,20161123
0021600216,1610612754,1610612737,85,96,20161123
0021600217,1610612751,1610612738,92,111,20161123
0021600218,1610612765,1610612748,107,84,20161123
0021600219,1610612745,1610612761,102,115,20161123
0021600220,1610612742,1610612746,104,124,20161123
0021600221,1610612762,1610612743,108,83,20161123
0021600222,1610612740,1610612750,117,96,20161123
0021600223,1610612744,1610612747,149,106,20161123
0021600224,1610612758,1610612760,116,101,20161123
0021600225,1610612738,1610612759,103,109,20161125
0021600226,1610612753,1610612764,91,94,20161125
0021600227,1610612739,1610612742,128,90,20161125
0021600228,1610612752,1610612766,113,111,20161125
0021600229,1610612755,1610612741,89,105,20161125
0021600230,1610612765,1610612746,108,97,20161125
0021600231,1610612762,1610612737,95,68,20161125
0021600232,1610612749,1610612761,99,105,20161125
0021600233,1610612763,1610612748,81,90,20161125
0021600234,1610612754,1610612751,118,97,20161125
0021600235,1610612743,1610612760,129,132,20161125
0021600236,1610612756,1610612750,85,98,20161125
0021600237,1610612757,1610612740,119,104,20161125
0021600238,1610612747,1610612744,85,109,20161125
0021600239,1610612758,1610612745,104,117,20161125
0021600240,1610612764,1610612759,100,112,20161126
0021600241,1610612766,1610612752,107,102,20161126
0021600242,1610612760,1610612765,106,88,20161126
0021600243,1610612748,1610612763,107,110,20161126
0021600244,1610612744,1610612750,115,102,20161126
0021600245,1610612755,1610612739,108,112,20161127
0021600246,1610612756,1610612743,114,120,20161127
0021600247,1610612751,1610612758,105,122,20161127
0021600248,1610612753,1610612749,96,104,20161127
0021600249,1610612754,1610612746,91,70,20161127
0021600250,1610612742,1610612740,91,81,20161127
0021600251,1610612757,1610612745,114,130,20161127
0021600252,1610612747,1610612737,109,94,20161127
0021600253,1610612764,1610612758,101,95,20161128
0021600254,1610612761,1610612755,122,95,20161128
0021600255,1610612752,1610612760,103,112,20161128
0021600256,1610612748,1610612738,104,112,20161128
0021600257,1610612763,1610612766,85,104,20161128
0021600258,1610612750,1610612762,103,112,20161128
0021600259,1610612744,1610612737,105,100,20161128
0021600260,1610612766,1610612765,89,112,20161129
0021600261,1610612751,1610612746,127,122,20161129
0021600262,1610612749,1610612739,118,101,20161129
0021600263,1610612740,1610612747,105,88,20161129
0021600264,1610612759,1610612753,83,95,20161129
0021600265,1610612762,1610612745,120,101,20161129
0021600267,1610612738,1610612765,114,121,20161130
0021600268,1610612761,1610612763,120,105,20161130
0021600269,1610612741,1610612747,90,96,20161130
0021600270,1610612760,1610612764,126,115,20161130
0021600271,1610612750,1610612752,104,106,20161130
0021600272,1610612742,1610612759,87,94,20161130
0021600273,1610612743,1610612748,98,106,20161130
0021600274,1610612756,1610612737,109,107,20161130
0021600275,1610612757,1610612754,131,109,20161130
0021600276,1610612766,1610612742,97,87,20161201
0021600277,1610612751,1610612749,93,111,20161201
0021600278,1610612763,1610612753,95,94,20161201
0021600279,1610612739,1610612746,94,113,20161201
0021600280,1610612762,1610612748,110,111,20161201
0021600281,1610612744,1610612745,127,132,20161201
0021600282,1610612755,1610612753,88,105,20161202
0021600283,1610612738,1610612758,97,92,20161202
0021600284,1610612761,1610612747,113,80,20161202
0021600285,1610612752,1610612750,118,114,20161202
0021600286,1610612741,1610612739,111,105,20161202
0021600287,1610612740,1610612746,96,114,20161202
0021600288,1610612737,1610612765,85,121,20161202
0021600289,1610612759,1610612764,107,105,20161202
0021600290,1610612743,1610612745,110,128,20161202
0021600291,1610612749,1610612751,112,103,20161203
0021600292,1610612766,1610612750,120,125,20161203
0021600293,1610612761,1610612737,128,84,20161203
0021600294,1610612755,1610612738,106,107,20161203
0021600295,1610612763,1610612747,103,100,20161203
0021600296,1610612742,1610612741,107,82,20161203
0021600297,1610612762,1610612743,105,98,20161203
0021600298,1610612757,1610612748,99,92,20161203
0021600299,1610612744,1610612756,138,109,20161203
0021600300,1610612765,1610612753,92,98,20161204
0021600301,1610612760,1610612740,101,92,20161204
0021600302,1610612752,1610612758,106,98,20161204
0021600303,1610612746,1610612754,102,111,20161204
0021600304,1610612755,1610612743,98,106,20161205
0021600305,1610612761,1610612739,112,116,20161205
0021600306,1610612751,1610612764,113,118,20161205
0021600307,1610612737,1610612760,99,102,20161205
0021600308,1610612741,1610612757,110,112,20161205
0021600309,1610612749,1610612759,96,97,20161205
0021600310,1610612740,1610612763,108,110,20161205
0021600311,1610612745,1610612738,107,106,20161205
0021600312,1610612742,1610612766,101,109,20161205
0021600313,1610612747,1610612762,101,107,20161205
0021600314,1610612744,1610612754,142,106,20161205
0021600315,1610612764,1610612753,116,124,20161206
0021600316,1610612748,1610612752,103,114,20161206
0021600317,1610612765,1610612741,102,91,20161206
0021600318,1610612763,1610612755,96,91,20161206
0021600319,1610612750,1610612759,91,105,20161206
0021600320,1610612762,1610612756,112,105,20161206
0021600321,1610612766,1610612765,87,77,20161207
0021600322,1610612753,1610612738,87,117,20161207
0021600323,1610612751,1610612743,116,111,20161207
0021600324,1610612737,1610612748,103,95,20161207
0021600325,1610612749,1610612757,115,107,20161207
0021600326,1610612745,1610612747,134,95,20161207
0021600327,1610612752,1610612739,94,126,20161207
0021600328,1610612742,1610612758,89,120,20161207
0021600329,1610612756,1610612754,94,109,20161207
0021600330,1610612746,1610612744,98,115,20161207
0021600331,1610612761,1610612750,124,110,20161208
0021600332,1610612764,1610612743,92,85,20161208
0021600333,1610612763,1610612757,88,86,20161208
0021600334,1610612740,1610612755,88,99,20161208
0021600335,1610612762,1610612744,99,106,20161208
0021600336,1610612741,1610612759,95,91,20161208
0021600337,1610612766,1610612753,109,88,20161209
0021600338,1610612739,1610612748,114,84,20161209
0021600339,1610612738,1610612761,94,101,20161209
0021600340,1610612749,1610612737,110,114,20161209
0021600341,1610612760,1610612745,99,102,20161209
0021600342,1610612750,1610612765,90,117,20161209
0021600343,1610612742,1610612754,111,103,20161209
0021600344,1610612747,1610612756,115,119,20161209
0021600345,1610612758,1610612752,100,103,20161209
0021600346,1610612764,1610612749,110,105,20161210
0021600347,1610612753,1610612743,113,121,20161210
0021600348,1610612754,1610612757,118,111,20161210
0021600349,1610612739,1610612766,116,105,20161210
0021600350,1610612741,1610612748,105,100,20161210
0021600351,1610612763,1610612744,110,89,20161210
0021600352,1610612745,1610612742,109,87,20161210
0021600353,1610612759,1610612751,130,101,20161210
0021600354,1610612762,1610612758,104,84,20161210
0021600355,1610612746,1610612740,133,105,20161210
0021600356,1610612765,1610612755,79,97,20161211
0021600357,1610612760,1610612738,99,96,20161211
0021600358,1610612750,1610612744,108,116,20161211
0021600359,1610612756,1610612740,119,120,20161211
0021600360,1610612747,1610612752,112,118,20161211
0021600361,1610612754,1610612766,110,94,20161212
0021600362,1610612761,1610612749,122,100,20161212
0021600363,1610612748,1610612764,112,101,20161212
0021600364,1610612745,1610612751,122,118,20161212
0021600365,1610612742,1610612743,112,92,20161212
0021600366,1610612746,1610612757,121,120,20161212
0021600367,1610612758,1610612747,116,92,20161212
0021600368,1610612739,1610612763,103,86,20161213
0021600369,1610612737,1610612753,120,131,20161213
0021600370,1610612741,1610612750,94,99,20161213
0021600371,1610612740,1610612744,109,113,20161213
0021600372,1610612756,1610612752,113,111,20161213
0021600373,1610612757,1610612760,114,95,20161213
0021600374,1610612755,1610612761,114,123,20161214
0021600375,1610612764,1610612766,109,106,20161214
0021600376,1610612753,1610612746,108,113,20161214
0021600377,1610612748,1610612754,95,89,20161214
0021600378,1610612751,1610612747,107,97,20161214
0021600379,1610612763,1610612739,93,85,20161214
0021600380,1610612745,1610612758,132,98,20161214
0021600381,1610612742,1610612765,85,95,20161214
0021600382,1610612762,1610612760,109,89,20161214
0021600383,1610612759,1610612738,108,101,20161214
0021600384,1610612749,1610612741,108,97,20161215
0021600385,1610612740,1610612754,102,95,20161215
0021600386,1610612743,1610612757,132,120,20161215
0021600387,1610612756,1610612759,92,107,20161215
0021600388,1610612744,1610612752,103,90,20161215
0021600389,1610612764,1610612765,122,108,20161216
0021600390,1610612753,1610612751,118,111,20161216
0021600391,1610612738,1610612766,96,88,20161216
0021600392,1610612761,1610612737,121,125,20161216
0021600393,1610612741,1610612749,69,95,20161216
0021600394,1610612763,1610612758,92,96,20161216
0021600395,1610612745,1610612740,122,100,20161216
0021600396,1610612755,1610612747,89,100,20161216
0021600397,1610612748,1610612746,98,102,20161216
0021600398,1610612762,1610612742,103,100,20161216
0021600399,1610612760,1610612756,114,101,20161217
0021600400,1610612765,1610612754,90,105,20161217
0021600401,1610612737,1610612766,99,107,20161217
0021600402,1610612739,1610612747,119,108,20161217
0021600403,1610612750,1610612745,109,111,20161217
0021600404,1610612743,1610612752,127,114,20161217
0021600405,1610612744,1610612757,135,90,20161217
0021600406,1610612764,1610612746,117,110,20161218
0021600411,1610612742,1610612758,99,79,20161218
0021600407,1610612763,1610612762,73,82,20161218
0021600408,1610612755,1610612751,108,107,20161218
0021600409,1610612753,1610612761,79,109,20161218
0021600410,1610612748,1610612738,95,105,20161218
0021600412,1610612759,1610612740,113,100,20161218
0021600413,1610612754,1610612764,107,105,20161219
0021600414,1610612741,1610612765,113,82,20161219
0021600415,1610612760,1610612737,108,110,20161219
0021600416,1610612750,1610612756,115,108,20161219
0021600417,1610612743,1610612742,117,107,20161219
0021600418,1610612755,1610612740,93,108,20161220
0021600419,1610612766,1610612747,117,113,20161220
0021600420,1610612761,1610612751,116,104,20161220
0021600421,1610612752,1610612754,118,111,20161220
0021600422,1610612748,1610612753,130,136,20161220
0021600423,1610612749,1610612739,108,114,20161220
0021600424,1610612763,1610612738,109,112,20161220
0021600425,1610612745,1610612759,100,102,20161220
0021600426,1610612746,1610612743,119,102,20161220
0021600427,1610612744,1610612762,104,74,20161220
0021600428,1610612758,1610612757,126,121,20161220
0021600429,1610612739,1610612749,113,102,20161221
0021600430,1610612737,1610612750,84,92,20161221
0021600431,1610612765,1610612763,86,98,20161221
0021600432,1610612741,1610612764,97,107,20161221
0021600433,1610612740,1610612760,110,121,20161221
0021600434,1610612762,1610612758,93,94,20161221
0021600435,1610612756,1610612745,111,125,20161221
0021600436,1610612757,1610612742,95,96,20161221
0021600440,1610612754,1610612738,102,109,20161222
0021600437,1610612751,1610612744,101,117,20161222
0021600438,1610612752,1610612753,106,95,20161222
0021600439,1610612748,1610612747,115,107,20161222
0021600441,1610612746,1610612759,106,101,20161222
0021600442,1610612766,1610612741,103,91,20161223
0021600443,1610612753,1610612747,109,90,20161223
0021600444,1610612739,1610612751,119,99,20161223
0021600445,1610612738,1610612760,112,117,20161223
0021600446,1610612765,1610612744,113,119,20161223
0021600447,1610612749,1610612764,123,96,20161223
0021600448,1610612763,1610612745,115,109,20161223
0021600449,1610612740,1610612748,91,87,20161223
0021600450,1610612750,1610612758,105,109,20161223
0021600451,1610612743,1610612737,108,109,20161223
0021600452,1610612762,1610612761,98,104,20161223
0021600453,1610612756,1610612755,123,116,20161223
0021600454,1610612757,1610612759,90,110,20161223
0021600455,1610612746,1610612742,88,90,20161223
0021600456,1610612752,1610612738,114,119,20161225
0021600457,1610612739,1610612744,109,108,20161225
0021600458,1610612759,1610612741,119,100,20161225
0021600459,1610612760,1610612750,112,100,20161225
0021600460,1610612747,1610612746,111,102,20161225
0021600461,1610612764,1610612749,107,102,20161226
0021600462,1610612753,1610612763,112,102,20161226
0021600463,1610612751,1610612766,120,118,20161226
0021600464,1610612765,1610612739,106,90,20161226
0021600465,1610612741,1610612754,90,85,20161226
0021600466,1610612740,1610612742,111,104,20161226
0021600467,1610612745,1610612756,131,115,20161226
0021600468,1610612750,1610612737,104,90,20161226
0021600469,1610612757,1610612761,91,95,20161226
0021600470,1610612746,1610612743,102,106,20161226
0021600471,1610612758,1610612755,102,100,20161226
0021600472,1610612738,1610612763,113,103,20161227
0021600473,1610612748,1610612760,94,106,20161227
0021600474,1610612742,1610612745,107,123,20161227
0021600475,1610612747,1610612762,100,102,20161227
0021600476,1610612764,1610612754,111,105,20161228
0021600477,1610612753,1610612766,101,120,20161228
0021600478,1610612737,1610612752,102,98,20161228
0021600479,1610612765,1610612749,94,119,20161228
0021600480,1610612741,1610612751,101,99,20161228
0021600481,1610612740,1610612746,102,98,20161228
0021600482,1610612759,1610612756,119,98,20161228
0021600483,1610612743,1610612750,105,103,20161228
0021600484,1610612757,1610612758,102,89,20161228
0021600485,1610612744,1610612761,121,111,20161228
0021600486,1610612766,1610612748,91,82,20161229
0021600487,1610612763,1610612760,114,80,20161229
0021600488,1610612739,1610612738,124,118,20161229
0021600489,1610612762,1610612755,100,83,20161229
0021600490,1610612756,1610612761,99,91,20161229
0021600491,1610612747,1610612742,89,101,20161229
0021600492,1610612754,1610612741,111,101,20161230
0021600493,1610612764,1610612751,118,95,20161230
0021600494,1610612738,1610612748,117,114,20161230
0021600495,1610612740,1610612752,104,92,20161230
0021600496,1610612745,1610612746,140,116,20161230
0021600497,1610612750,1610612749,116,99,20161230
0021600498,1610612737,1610612765,105,98,20161230
0021600499,1610612759,1610612757,110,94,20161230
0021600500,1610612743,1610612755,122,124,20161230
0021600501,1610612744,1610612742,108,99,20161230
0021600502,1610612758,1610612763,98,112,20161231
0021600503,1610612741,1610612749,96,116,20161231
0021600505,1610612766,1610612739,109,121,20161231
0021600504,1610612745,1610612752,129,122,20161231
0021600506,1610612762,1610612756,91,86,20161231
0021600507,1610612760,1610612746,114,88,20161231
0021600508,1610612737,1610612759,114,112,20170101
0021600509,1610612748,1610612765,98,107,20170101
0021600510,1610612754,1610612753,117,104,20170101
0021600511,1610612750,1610612757,89,95,20170101
0021600512,1610612747,1610612761,114,123,20170101
0021600513,1610612749,1610612760,98,94,20170102
0021600514,1610612739,1610612740,90,82,20170102
0021600515,1610612751,1610612762,89,101,20170102
0021600516,1610612752,1610612753,103,115,20170102
0021600517,1610612741,1610612766,118,111,20170102
0021600518,1610612745,1610612764,101,91,20170102
0021600519,1610612746,1610612756,109,98,20170102
0021600520,1610612744,1610612743,127,119,20170102
0021600521,1610612755,1610612750,93,91,20170103
0021600522,1610612738,1610612762,115,104,20170103
0021600523,1610612765,1610612754,116,121,20170103
0021600524,1610612742,1610612764,113,105,20170103
0021600525,1610612759,1610612761,110,82,20170103
0021600526,1610612743,1610612758,113,120,20170103
0021600527,1610612756,1610612748,99,90,20170103
0021600528,1610612747,1610612763,116,102,20170103
0021600529,1610612766,1610612760,123,112,20170104
0021600530,1610612753,1610612737,92,111,20170104
0021600531,1610612752,1610612749,104,105,20170104
0021600532,1610612739,1610612741,94,106,20170104
0021600533,1610612746,1610612763,115,106,20170104
0021600534,1610612744,1610612757,125,117,20170104
0021600535,1610612758,1610612748,102,107,20170104
0021600536,1610612754,1610612751,121,109,20170105
0021600537,1610612761,1610612762,101,93,20170105
0021600538,1610612765,1610612766,115,114,20170105
0021600539,1610612740,1610612737,94,99,20170105
0021600540,1610612745,1610612760,118,116,20170105
0021600541,1610612742,1610612756,95,102,20170105
0021600543,1610612743,1610612759,99,127,20170105
0021600542,1610612757,1610612747,118,109,20170105
0021600544,1610612764,1610612750,112,105,20170106
0021600545,1610612753,1610612745,93,100,20170106
0021600546,1610612738,1610612755,110,106,20170106
0021600547,1610612751,1610612739,108,116,20170106
0021600548,1610612749,1610612752,111,116,20170106
0021600549,1610612747,1610612748,127,100,20170106
0021600550,1610612744,1610612763,119,128,20170106
0021600551,1610612758,1610612746,98,106,20170106
0021600552,1610612754,1610612752,123,109,20170107
0021600553,1610612738,1610612740,117,108,20170107
0021600554,1610612741,1610612761,123,118,20170107
0021600555,1610612760,1610612743,121,106,20170107
0021600556,1610612750,1610612762,92,94,20170107
0021600557,1610612742,1610612737,82,97,20170107
0021600558,1610612759,1610612766,102,85,20170107
0021600560,1610612751,1610612755,95,105,20170108
0021600562,1610612749,1610612764,101,107,20170108
0021600561,1610612746,1610612748,98,86,20170108
0021600563,1610612761,1610612745,122,129,20170108
0021600564,1610612763,1610612762,88,79,20170108
0021600565,1610612756,1610612739,116,120,20170108
0021600559,1610612757,1610612765,124,125,20170108
0021600566,1610612758,1610612744,106,117,20170108
0021600567,1610612747,1610612753,111,95,20170108
0021600568,1610612752,1610612740,96,110,20170109
0021600569,1610612741,1610612760,94,109,20170109
0021600570,1610612750,1610612742,101,92,20170109
0021600571,1610612764,1610612741,101,99,20170110
0021600572,1610612761,1610612738,114,106,20170110
0021600573,1610612751,1610612737,97,117,20170110
0021600574,1610612745,1610612766,121,114,20170110
0021600575,1610612759,1610612749,107,109,20170110
0021600576,1610612762,1610612739,100,92,20170110
0021600577,1610612747,1610612757,87,108,20170110
0021600578,1610612744,1610612748,107,95,20170110
0021600579,1610612758,1610612765,100,94,20170110
0021600580,1610612755,1610612752,98,97,20170111
0021600581,1610612760,1610612763,103,95,20170111
0021600582,1610612750,1610612745,119,105,20170111
0021600583,1610612738,1610612764,117,108,20170111
0021600584,1610612746,1610612753,105,96,20170111
0021600585,1610612757,1610612739,102,86,20170111
0021600589,1610612743,1610612754,140,112,20170112
0021600586,1610612751,1610612740,95,104,20170112
0021600587,1610612752,1610612741,104,89,20170112
0021600588,1610612759,1610612747,134,94,20170112
0021600591,1610612756,1610612742,108,113,20170112
0021600590,1610612744,1610612765,127,107,20170112
0021600593,1610612755,1610612766,102,93,20170113
0021600592,1610612761,1610612751,132,113,20170113
0021600594,1610612749,1610612748,116,108,20170113
0021600595,1610612745,1610612763,105,110,20170113
0021600596,1610612750,1610612760,96,86,20170113
0021600597,1610612737,1610612738,101,103,20170113
0021600598,1610612757,1610612753,109,115,20170113
0021600599,1610612758,1610612739,108,120,20170113
0021600600,1610612762,1610612765,110,77,20170113
0021600601,1610612746,1610612747,113,97,20170114
0021600602,1610612741,1610612740,107,99,20170114
0021600605,1610612756,1610612759,108,105,20170114
0021600603,1610612764,1610612755,109,93,20170114
0021600604,1610612762,1610612753,114,107,20170114
0021600608,1610612742,1610612750,98,87,20170115
0021600606,1610612761,1610612752,116,101,20170115
0021600607,1610612737,1610612749,111,98,20170115
0021600609,1610612751,1610612745,112,137,20170115
0021600610,1610612758,1610612760,118,122,20170115
0021600611,1610612763,1610612741,104,108,20170115
0021600612,1610612747,1610612765,97,102,20170115
0021600613,1610612752,1610612737,107,108,20170116
0021600614,1610612764,1610612757,120,101,20170116
0021600615,1610612749,1610612755,104,113,20170116
0021600616,1610612754,1610612740,98,95,20170116
0021600617,1610612743,1610612753,125,112,20170116
0021600618,1610612738,1610612766,108,98,20170116
0021600619,1610612744,1610612739,126,91,20170116
0021600620,1610612756,1610612762,101,106,20170116
0021600621,1610612746,1610612760,120,98,20170116
0021600622,1610612751,1610612761,109,119,20170117
0021600623,1610612748,1610612745,109,103,20170117
0021600624,1610612741,1610612742,98,99,20170117
0021600625,1610612759,1610612750,122,114,20170117
0021600626,1610612747,1610612743,121,127,20170117
0021600627,1610612755,1610612761,94,89,20170118
0021600628,1610612764,1610612763,104,101,20170118
0021600629,1610612766,1610612757,107,85,20170118
0021600630,1610612738,1610612752,106,117,20170118
0021600631,1610612740,1610612753,118,98,20170118
0021600632,1610612745,1610612749,111,92,20170118
0021600633,1610612765,1610612737,118,95,20170118
0021600634,1610612744,1610612760,121,100,20170118
0021600635,1610612758,1610612754,100,106,20170118
0021600636,1610612739,1610612756,118,103,20170119
0021600637,1610612748,1610612742,99,95,20170119
0021600638,1610612752,1610612764,110,113,20170119
0021600639,1610612759,1610612743,118,104,20170119
0021600640,1610612746,1610612750,101,104,20170119
0021600641,1610612755,1610612757,93,92,20170120
0021600642,1610612766,1610612761,113,78,20170120
0021600643,1610612753,1610612749,112,96,20170120
0021600644,1610612763,1610612758,107,91,20170120
0021600645,1610612740,1610612751,114,143,20170120
0021600646,1610612745,1610612744,108,125,20170120
0021600647,1610612737,1610612741,102,93,20170120
0021600648,1610612742,1610612762,107,112,20170120
0021600649,1610612747,1610612754,108,95,20170120
0021600650,1610612738,1610612757,123,127,20170121
0021600651,1610612765,1610612764,113,112,20170121
0021600652,1610612766,1610612751,112,105,20170121
0021600653,1610612737,1610612755,110,93,20170121
0021600654,1610612752,1610612756,105,107,20170121
0021600655,1610612748,1610612749,109,97,20170121
0021600656,1610612763,1610612745,95,119,20170121
0021600657,1610612739,1610612759,115,118,20170121
0021600658,1610612743,1610612746,123,98,20170121
0021600659,1610612762,1610612754,109,100,20170121
0021600660,1610612741,1610612758,102,99,20170121
0021600661,1610612753,1610612744,98,118,20170122
0021600662,1610612742,1610612747,122,73,20170122
0021600663,1610612761,1610612756,103,115,20170122
0021600664,1610612750,1610612743,111,108,20170122
0021600665,1610612766,1610612764,99,109,20170123
0021600666,1610612751,1610612759,86,112,20170123
0021600667,1610612737,1610612746,105,115,20170123
0021600668,1610612748,1610612744,105,102,20170123
0021600669,1610612765,1610612758,104,109,20170123
0021600670,1610612749,1610612745,127,114,20170123
0021600671,1610612740,1610612739,124,122,20170123
0021600672,1610612754,1610612752,103,109,20170123
0021600673,1610612762,1610612760,95,97,20170123
0021600674,1610612761,1610612759,106,108,20170124
0021600675,1610612755,1610612746,121,110,20170124
0021600676,1610612764,1610612738,123,108,20170124
0021600677,1610612753,1610612741,92,100,20170124
0021600678,1610612743,1610612762,103,93,20170124
0021600679,1610612756,1610612750,111,112,20170124
0021600680,1610612739,1610612758,112,116,20170125
0021600681,1610612738,1610612745,120,109,20170125
0021600682,1610612751,1610612748,106,109,20170125
0021600683,1610612741,1610612737,114,119,20170125
0021600684,1610612749,1610612755,109,114,20170125
0021600685,1610612763,1610612761,101,99,20170125
0021600686,1610612740,1610612760,105,114,20170125
0021600687,1610612766,1610612744,103,113,20170125
0021600688,1610612742,1610612752,103,95,20170125
0021600689,1610612757,1610612747,105,98,20170125
0021600690,1610612760,1610612742,109,98,20170126
0021600691,1610612750,1610612754,103,109,20170126
0021600692,1610612743,1610612756,127,120,20170126
0021600693,1610612762,1610612747,96,88,20170126
0021600696,1610612754,1610612758,115,111,20170127
0021600695,1610612739,1610612751,124,116,20170127
0021600697,1610612738,1610612753,128,98,20170127
0021600698,1610612761,1610612749,102,86,20170127
0021600699,1610612752,1610612766,110,107,20170127
0021600694,1610612755,1610612745,118,123,20170127
0021600700,1610612741,1610612748,88,100,20170127
0021600701,1610612740,1610612759,119,103,20170127
0021600702,1610612737,1610612764,86,112,20170127
0021600703,1610612757,1610612763,112,109,20170127
0021600704,1610612766,1610612758,106,109,20170128
0021600705,1610612748,1610612765,116,103,20170128
0021600706,1610612749,1610612738,108,112,20170128
0021600707,1610612744,1610612746,144,98,20170128
0021600708,1610612762,1610612763,95,102,20170128
0021600709,1610612756,1610612743,112,123,20170128
0021600710,1610612750,1610612751,129,109,20170128
0021600711,1610612737,1610612752,142,139,20170129
0021600712,1610612739,1610612760,107,91,20170129
0021600713,1610612754,1610612745,120,101,20170129
0021600714,1610612740,1610612764,94,107,20170129
0021600715,1610612761,1610612753,113,114,20170129
0021600716,1610612741,1610612755,121,108,20170129
0021600717,1610612759,1610612742,101,105,20170129
0021600718,1610612757,1610612744,111,113,20170129
0021600266,1610612755,1610612758,122,119,20170130
0021600719,1610612748,1610612751,104,96,20170130
0021600720,1610612750,1610612753,111,105,20170130
0021600721,1610612738,1610612765,113,109,20170130
0021600722,1610612742,1610612739,104,97,20170130
0021600723,1610612756,1610612763,96,115,20170130
0021600724,1610612764,1610612752,117,101,20170131
0021600725,1610612761,1610612740,108,106,20170131
0021600726,1610612745,1610612758,105,83,20170131
0021600727,1610612759,1610612760,108,94,20170131
0021600728,1610612757,1610612766,115,98,20170131
0021600729,1610612747,1610612743,120,116,20170131
0021600730,1610612753,1610612754,88,98,20170201
0021600731,1610612739,1610612750,125,97,20170201
0021600732,1610612738,1610612761,109,104,20170201
0021600733,1610612751,1610612752,90,95,20170201
0021600734,1610612748,1610612737,116,93,20170201
0021600735,1610612765,1610612740,118,98,20170201
0021600736,1610612742,1610612755,113,95,20170201
0021600737,1610612743,1610612763,99,119,20170201
0021600738,1610612762,1610612749,104,88,20170201
0021600739,1610612756,1610612746,114,124,20170201
0021600740,1610612760,1610612741,100,128,20170201
0021600741,1610612744,1610612766,126,111,20170201
0021600742,1610612764,1610612747,116,108,20170202
0021600743,1610612745,1610612737,108,113,20170202
0021600744,1610612759,1610612755,102,86,20170202
0021600745,1610612746,1610612744,120,133,20170202
0021600746,1610612753,1610612761,102,94,20170203
0021600747,1610612751,1610612754,97,106,20170203
0021600748,1610612765,1610612750,116,108,20170203
0021600749,1610612745,1610612741,121,117,20170203
0021600750,1610612760,1610612763,114,102,20170203
0021600751,1610612738,1610612747,113,107,20170203
0021600752,1610612743,1610612749,121,117,20170203
0021600753,1610612758,1610612756,103,105,20170203
0021600754,1610612757,1610612742,104,108,20170203
0021600755,1610612764,1610612740,105,91,20170204
0021600756,1610612737,1610612753,113,86,20170204
0021600757,1610612754,1610612765,105,84,20170204
0021600758,1610612748,1610612755,125,102,20170204
0021600759,1610612752,1610612739,104,111,20170204
0021600760,1610612762,1610612766,105,98,20170204
0021600761,1610612756,1610612749,112,137,20170204
0021600762,1610612759,1610612743,121,97,20170204
0021600763,1610612750,1610612763,99,107,20170204
0021600764,1610612758,1610612744,109,106,20170204
0021600765,1610612751,1610612761,95,103,20170205
0021600766,1610612738,1610612746,107,102,20170205
0021600767,1610612760,1610612757,105,99,20170205
0021600768,1610612752,1610612747,107,121,20170206
0021600769,1610612764,1610612739,135,140,20170206
0021600770,1610612754,1610612760,93,90,20170206
0021600771,1610612761,1610612746,118,109,20170206
0021600772,1610612737,1610612762,95,120,20170206
0021600773,1610612765,1610612755,113,96,20170206
0021600774,1610612740,1610612756,111,106,20170206
0021600775,1610612750,1610612748,113,115,20170206
0021600776,1610612743,1610612742,110,87,20170206
0021600777,1610612763,1610612759,89,74,20170206
0021600778,1610612758,1610612741,107,112,20170206
0021600779,1610612766,1610612751,111,107,20170207
0021600780,1610612745,1610612753,128,104,20170207
0021600781,1610612742,1610612757,113,114,20170207
0021600782,1610612755,1610612759,103,111,20170208
0021600783,1610612754,1610612739,117,132,20170208
0021600784,1610612751,1610612764,110,114,20170208
0021600785,1610612737,1610612743,117,106,20170208
0021600786,1610612765,1610612747,121,102,20170208
0021600787,1610612749,1610612748,88,106,20170208
0021600788,1610612763,1610612756,110,91,20170208
0021600789,1610612740,1610612762,94,127,20170208
0021600790,1610612750,1610612761,112,109,20170208
0021600791,1610612752,1610612746,115,119,20170208
0021600792,1610612744,1610612741,123,92,20170208
0021600793,1610612758,1610612738,108,92,20170208
0021600794,1610612766,1610612745,95,107,20170209
0021600795,1610612753,1610612755,111,112,20170209
0021600796,1610612760,1610612739,118,109,20170209
0021600797,1610612742,1610612762,112,105,20170209
0021600798,1610612757,1610612738,111,120,20170209
0021600799,1610612751,1610612748,99,108,20170210
0021600800,1610612752,1610612743,123,131,20170210
0021600801,1610612765,1610612759,92,103,20170210
0021600802,1610612749,1610612747,114,122,20170210
0021600803,1610612763,1610612744,107,122,20170210
0021600804,1610612750,1610612740,106,122,20170210
0021600805,1610612764,1610612754,112,107,20170210
0021600806,1610612758,1610612737,108,107,20170210
0021600807,1610612756,1610612741,115,97,20170210
0021600808,1610612766,1610612746,102,107,20170211
0021600809,1610612754,1610612749,100,116,20170211
0021600810,1610612755,1610612748,117,109,20170211
0021600811,1610612739,1610612743,125,109,20170211
0021600813,1610612760,1610612744,114,130,20170211
0021600812,1610612745,1610612756,133,102,20170211
0021600814,1610612742,1610612753,112,80,20170211
0021600815,1610612762,1610612738,104,112,20170211
0021600816,1610612750,1610612741,117,89,20170212
0021600817,1610612752,1610612759,94,90,20170212
0021600818,1610612761,1610612765,101,102,20170212
0021600819,1610612758,1610612740,105,99,20170212
0021600821,1610612766,1610612755,99,105,20170213
0021600825,1610612754,1610612759,106,110,20170213
0021600822,1610612751,1610612763,103,112,20170213
0021600823,1610612748,1610612753,107,116,20170213
0021600820,1610612764,1610612760,120,98,20170213
0021600824,1610612749,1610612765,102,89,20170213
0021600826,1610612742,1610612738,98,111,20170213
0021600827,1610612743,1610612744,132,110,20170213
0021600828,1610612762,1610612746,72,88,20170213
0021600829,1610612756,1610612740,108,110,20170213
0021600830,1610612757,1610612737,104,109,20170213
0021600831,1610612741,1610612761,105,94,20170214
0021600832,1610612750,1610612739,108,116,20170214
0021600833,1610612747,1610612758,96,97,20170214
0021600834,1610612753,1610612759,79,107,20170215
0021600835,1610612739,1610612754,113,104,20170215
0021600836,1610612738,1610612755,116,108,20170215
0021600837,1610612761,1610612766,90,85,20170215
0021600838,1610612751,1610612749,125,129,20170215
0021600839,1610612765,1610612742,98,91,20170215
0021600840,1610612763,1610612740,91,95,20170215
0021600841,1610612745,1610612748,109,117,20170215
0021600842,1610612743,1610612750,99,112,20170215
0021600843,1610612762,1610612757,111,88,20170215
0021600844,1610612756,1610612747,137,101,20170215
0021600845,1610612760,1610612752,116,105,20170215
0021600846,1610612746,1610612737,99,84,20170215
0021600847,1610612744,1610612758,109,86,20170215
0021600848,1610612754,1610612764,98,111,20170216
0021600849,1610612741,1610612738,104,103,20170216
0031600002,1610616843,1610616844,141,150,20170217
0021600850,1610612753,1610612757,103,112,20170223
0021600851,1610612765,1610612766,114,108,20170223
0021600852,1610612740,1610612745,99,129,20170223
0021600853,1610612739,1610612752,119,104,20170223
0021600854,1610612744,1610612746,123,113,20170223
0021600855,1610612758,1610612743,116,100,20170223
0021600856,1610612755,1610612764,120,112,20170224
0021600857,1610612754,1610612763,102,92,20170224
0021600858,1610612761,1610612738,107,97,20170224
0021600859,1610612741,1610612756,128,121,20170224
0021600860,1610612749,1610612762,95,109,20170224
0021600861,1610612760,1610612747,110,93,20170224
0021600862,1610612750,1610612742,97,84,20170224
0021600863,1610612737,1610612748,90,108,20170224
0021600864,1610612743,1610612751,129,109,20170224
0021600865,1610612746,1610612759,97,105,20170224
0021600866,1610612758,1610612766,85,99,20170225
0021600867,1610612753,1610612737,105,86,20170225
0021600868,1610612752,1610612755,110,109,20170225
0021600869,1610612748,1610612754,113,95,20170225
0021600870,1610612742,1610612740,96,83,20170225
0021600871,1610612739,1610612741,99,117,20170225
0021600872,1610612745,1610612750,142,130,20170225
0021600873,1610612744,1610612751,112,95,20170225
0021600874,1610612747,1610612759,98,119,20170226
0021600875,1610612749,1610612756,100,96,20170226
0021600876,1610612743,1610612763,98,105,20170226
0021600877,1610612764,1610612762,92,102,20170226
0021600878,1610612761,1610612757,112,106,20170226
0021600879,1610612765,1610612738,98,104,20170226
0021600880,1610612760,1610612740,118,110,20170226
0021600881,1610612746,1610612766,124,121,20170226
0021600882,1610612752,1610612761,91,92,20170227
0021600883,1610612755,1610612744,108,119,20170227
0021600884,1610612739,1610612749,102,95,20170227
0021600885,1610612738,1610612737,98,114,20170227
0021600887,1610612742,1610612748,96,89,20170227
0021600886,1610612745,1610612754,108,117,20170227
0021600888,1610612758,1610612750,88,102,20170227
0021600889,1610612764,1610612744,112,108,20170228
0021600890,1610612765,1610612757,120,113,20170228
0021600891,1610612741,1610612743,107,125,20170228
0021600892,1610612763,1610612756,130,112,20170228
0021600893,1610612760,1610612762,109,106,20170228
0021600894,1610612747,1610612766,104,109,20170228
0021600895,1610612753,1610612752,90,101,20170301
0021600896,1610612761,1610612764,96,105,20170301
0021600897,1610612737,1610612742,100,95,20170301
0021600898,1610612748,1610612755,125,98,20170301
0021600899,1610612749,1610612743,98,110,20170301
0021600900,1610612740,1610612765,109,86,20170301
0021600901,1610612738,1610612739,103,99,20170301
0021600902,1610612759,1610612754,100,99,20170301
0021600903,1610612762,1610612750,80,107,20170301
0021600904,1610612746,1610612745,103,122,20170301
0021600905,1610612758,1610612751,100,109,20170301
0021600906,1610612741,1610612744,94,87,20170302
0021600907,1610612756,1610612766,120,103,20170302
0021600908,1610612757,1610612760,114,109,20170302
0021600909,1610612755,1610612752,105,102,20170303
0021600910,1610612764,1610612761,106,114,20170303
0021600911,1610612753,1610612748,110,99,20170303
0021600913,1610612737,1610612739,130,135,20170303
0021600912,1610612749,1610612746,112,101,20170303
0021600914,1610612742,1610612763,104,100,20170303
0021600915,1610612762,1610612751,112,97,20170303
0021600916,1610612756,1610612760,118,111,20170303
0021600917,1610612740,1610612759,98,101,20170303
0021600918,1610612747,1610612738,95,115,20170303
0021600919,1610612755,1610612765,106,136,20170304
0021600920,1610612749,1610612761,101,94,20170304
0021600921,1610612748,1610612739,120,92,20170304
0021600922,1610612741,1610612746,91,101,20170304
0021600923,1610612743,1610612766,102,112,20170304
0021600924,1610612745,1610612763,123,108,20170304
0021600925,1610612759,1610612750,97,90,20170304
0021600926,1610612757,1610612751,130,116,20170304
0021600927,1610612737,1610612754,96,97,20170305
0021600928,1610612752,1610612744,105,112,20170305
0021600929,1610612756,1610612738,109,106,20170305
0021600930,1610612764,1610612753,115,114,20170305
0021600931,1610612758,1610612762,109,110,20170305
0021600932,1610612742,1610612760,104,89,20170305
0021600933,1610612747,1610612740,97,105,20170305
0021600934,1610612755,1610612749,98,112,20170306
0021600935,1610612753,1610612752,105,113,20170306
0021600936,1610612739,1610612748,98,106,20170306
0021600937,1610612737,1610612744,111,119,20170306
0021600938,1610612765,1610612741,109,95,20170306
0021600939,1610612763,1610612751,109,122,20170306
0021600941,1610612766,1610612754,100,88,20170306
0021600942,1610612759,1610612745,112,110,20170306
0021600943,1610612743,1610612758,108,96,20170306
0021600944,1610612762,1610612740,88,83,20170306
0021600945,1610612746,1610612738,116,102,20170306
0021600946,1610612760,1610612757,121,126,20170307
0021600947,1610612742,1610612747,122,111,20170307
0021600948,1610612756,1610612764,127,131,20170307
0021600949,1610612753,1610612741,98,91,20170308
0021600950,1610612737,1610612751,110,105,20170308
0021600951,1610612748,1610612766,108,101,20170308
0021600952,1610612749,1610612752,104,93,20170308
0021600953,1610612740,1610612761,87,94,20170308
0021600954,1610612745,1610612762,108,115,20170308
0021600955,1610612750,1610612746,107,91,20170308
0021600956,1610612754,1610612765,115,98,20170308
0021600957,1610612759,1610612758,114,104,20170308
0021600958,1610612743,1610612764,113,123,20170308
0021600959,1610612744,1610612738,86,99,20170308
0021600960,1610612765,1610612739,106,101,20170309
0021600961,1610612763,1610612746,98,114,20170309
0021600962,1610612760,1610612759,102,92,20170309
0021600963,1610612757,1610612755,114,108,20170309
0021600964,1610612756,1610612747,110,122,20170309
0021600965,1610612766,1610612753,121,81,20170310
0021600966,1610612741,1610612745,94,115,20170310
0021600967,1610612749,1610612754,99,85,20170310
0021600968,1610612750,1610612744,103,102,20170310
0021600969,1610612737,1610612761,105,99,20170310
0021600970,1610612743,1610612738,119,99,20170310
0021600971,1610612742,1610612751,105,96,20170310
0021600972,1610612758,1610612764,122,130,20170310
0021600973,1610612760,1610612762,112,104,20170311
0021600974,1610612746,1610612755,112,100,20170311
0021600975,1610612765,1610612752,112,92,20170311
0021600976,1610612766,1610612740,122,125,20170311
0021600977,1610612753,1610612739,104,116,20170311
0021600978,1610612749,1610612750,102,95,20170311
0021600979,1610612748,1610612761,104,89,20170311
0021600980,1610612759,1610612744,107,85,20170311
0021600981,1610612763,1610612737,90,107,20170311
0021600982,1610612742,1610612756,98,100,20170311
0021600983,1610612757,1610612764,124,125,20170311
0021600984,1610612758,1610612743,92,105,20170311
0021600985,1610612738,1610612741,100,80,20170312
0021600986,1610612751,1610612752,120,112,20170312
0021600987,1610612754,1610612748,102,98,20170312
0021600988,1610612756,1610612757,101,110,20170312
0021600989,1610612745,1610612739,117,112,20170312
0021600990,1610612747,1610612755,116,118,20170312
0021600991,1610612766,1610612741,109,115,20170313
0021600992,1610612761,1610612742,100,78,20170313
0021600993,1610612763,1610612749,113,93,20170313
0021600994,1610612759,1610612737,107,99,20170313
0021600995,1610612750,1610612764,119,104,20170313
0021600996,1610612762,1610612746,114,108,20170313
0021600997,1610612758,1610612753,120,115,20170313
0021600998,1610612743,1610612747,129,101,20170313
0021600999,1610612739,1610612765,128,96,20170314
0021601000,1610612751,1610612760,104,122,20170314
0021601001,1610612752,1610612754,87,81,20170314
0021601002,1610612740,1610612757,100,77,20170314
0021601003,1610612744,1610612755,106,104,20170314
0021601004,1610612764,1610612742,107,112,20170315
0021601005,1610612754,1610612766,98,77,20170315
0021601006,1610612738,1610612750,117,104,20170315
0021601007,1610612748,1610612740,120,112,20170315
0021601008,1610612765,1610612762,83,97,20170315
0021601009,1610612741,1610612763,91,98,20170315
0021601010,1610612745,1610612747,139,100,20170315
0021601011,1610612759,1610612757,106,110,20170315
0021601012,1610612756,1610612758,101,107,20170315
0021601013,1610612746,1610612749,96,97,20170315
0021601014,1610612739,1610612762,91,83,20170316
0021601015,1610612761,1610612760,102,123,20170316
0021601016,1610612752,1610612751,110,121,20170316
0021601017,1610612737,1610612763,91,103,20170316
0021601018,1610612743,1610612746,129,114,20170316
0021601019,1610612744,1610612753,122,92,20170316
0021601020,1610612755,1610612742,116,74,20170317
0021601021,1610612764,1610612741,112,107,20170317
0021601022,1610612751,1610612738,95,98,20170317
0021601023,1610612765,1610612761,75,87,20170317
0021601024,1610612740,1610612745,128,112,20170317
0021601025,1610612748,1610612750,123,105,20170317
0021601026,1610612756,1610612753,103,109,20170317
0021601027,1610612747,1610612749,103,107,20170317
0021601028,1610612760,1610612758,110,94,20170318
0021601029,1610612737,1610612757,97,113,20170318
0021601030,1610612766,1610612764,98,93,20170318
0021601031,1610612746,1610612739,108,78,20170318
0021601032,1610612741,1610612762,95,86,20170318
0021601033,1610612763,1610612759,104,96,20170318
0021601034,1610612743,1610612745,105,109,20170318
0021601035,1610612744,1610612749,117,92,20170318
0021601036,1610612751,1610612742,104,111,20170319
0021601037,1610612755,1610612738,105,99,20170319
0021601038,1610612765,1610612756,112,95,20170319
0021601039,1610612740,1610612750,123,109,20170319
0021601040,1610612761,1610612754,116,91,20170319
0021601041,1610612748,1610612757,104,115,20170319
0021601042,1610612759,1610612758,118,102,20170319
0021601043,1610612747,1610612739,120,125,20170319
0021601044,1610612766,1610612737,105,90,20170320
0021601045,1610612753,1610612755,112,109,20170320
0021601046,1610612754,1610612762,107,100,20170320
0021601047,1610612738,1610612764,110,102,20170320
0021601048,1610612745,1610612743,125,124,20170320
0021601049,1610612760,1610612744,95,111,20170320
0021601050,1610612746,1610612752,114,105,20170320
0021601051,1610612761,1610612741,122,120,20170321
0021601052,1610612751,1610612765,98,96,20170321
0021601053,1610612748,1610612756,112,97,20170321
0021601054,1610612740,1610612763,95,82,20170321
0021601055,1610612742,1610612744,87,112,20170321
0021601056,1610612750,1610612759,93,100,20170321
0021601057,1610612757,1610612749,90,93,20170321
0021601058,1610612747,1610612746,109,133,20170321
0021601059,1610612753,1610612766,102,109,20170322
0021601060,1610612738,1610612754,109,100,20170322
0021601061,1610612741,1610612765,117,95,20170322
0021601062,1610612760,1610612755,122,97,20170322
0021601063,1610612764,1610612737,104,100,20170322
0021601064,1610612743,1610612739,126,113,20170322
0021601065,1610612758,1610612749,98,116,20170322
0021601066,1610612762,1610612752,108,101,20170322
0021601067,1610612751,1610612756,126,98,20170323
0021601068,1610612748,1610612761,84,101,20170323
0021601069,1610612742,1610612746,97,95,20170323
0021601070,1610612759,1610612763,97,90,20170323
0021601071,1610612757,1610612752,110,95,20170323
0021601072,1610612764,1610612751,129,108,20170324
0021601073,1610612766,1610612739,105,112,20170324
0021601074,1610612753,1610612765,115,87,20170324
0021601075,1610612754,1610612743,117,125,20170324
0021601076,1610612738,1610612756,130,120,20170324
0021601077,1610612741,1610612755,107,117,20170324
0021601078,1610612749,1610612737,100,97,20170324
0021601079,1610612745,1610612740,117,107,20170324
0021601080,1610612747,1610612750,130,119,20170324
0021601081,1610612744,1610612758,114,100,20170324
0021601082,1610612746,1610612762,108,95,20170325
0021601083,1610612739,1610612764,115,127,20170325
0021601084,1610612742,1610612761,86,94,20170325
0021601085,1610612759,1610612752,106,98,20170325
0021601086,1610612757,1610612750,112,100,20170325
0021601087,1610612766,1610612756,120,106,20170326
0021601088,1610612737,1610612751,92,107,20170326
0021601089,1610612746,1610612758,97,98,20170326
0021601090,1610612749,1610612741,94,109,20170326
0021601091,1610612745,1610612760,137,125,20170326
0021601092,1610612754,1610612755,107,94,20170326
0021601093,1610612738,1610612748,112,108,20170326
0021601094,1610612744,1610612763,106,94,20170326
0021601095,1610612743,1610612740,90,115,20170326
0021601096,1610612747,1610612757,81,97,20170326
0021601097,1610612761,1610612753,131,112,20170327
0021601098,1610612752,1610612765,109,95,20170327
0021601099,1610612759,1610612739,103,74,20170327
0021601100,1610612742,1610612760,91,92,20170327
0021601101,1610612758,1610612763,91,90,20170327
0021601102,1610612762,1610612740,108,100,20170327
0021601103,1610612766,1610612749,108,118,20170328
0021601104,1610612754,1610612750,114,115,20170328
0021601105,1610612751,1610612755,101,106,20170328
0021601106,1610612737,1610612756,95,91,20170328
0021601107,1610612765,1610612748,96,97,20170328
0021601108,1610612745,1610612744,106,113,20170328
0021601109,1610612757,1610612743,122,113,20170328
0021601110,1610612747,1610612764,108,119,20170328
0021601111,1610612755,1610612737,92,99,20170329
0021601112,1610612753,1610612760,106,114,20170329
0021601113,1610612738,1610612749,100,103,20170329
0021601114,1610612761,1610612766,106,110,20170329
0021601115,1610612752,1610612748,88,105,20170329
0021601116,1610612763,1610612754,110,97,20170329
0021601117,1610612740,1610612742,121,118,20170329
0021601118,1610612759,1610612744,98,110,20170329
0021601119,1610612746,1610612764,133,124,20170329
0021601120,1610612758,1610612762,82,112,20170329
0021601121,1610612765,1610612751,90,89,20170330
0021601122,1610612741,1610612739,99,93,20170330
0021601123,1610612750,1610612747,119,104,20170330
0021601124,1610612756,1610612746,118,124,20170330
0021601125,1610612757,1610612745,117,107,20170330
0021601126,1610612761,1610612754,111,100,20170331
0021601127,1610612766,1610612743,122,114,20170331
0021601128,1610612739,1610612755,122,105,20170331
0021601129,1610612738,1610612753,117,116,20170331
0021601130,1610612749,1610612765,108,105,20170331
0021601131,1610612763,1610612742,99,90,20170331
0021601132,1610612740,1610612758,117,89,20170331
0021601133,1610612748,1610612752,94,98,20170331
0021601135,1610612760,1610612759,95,100,20170331
0021601134,1610612762,1610612764,95,88,20170331
0021601136,1610612744,1610612745,107,98,20170331
0021601137,1610612746,1610612747,115,104,20170401
0021601138,1610612741,1610612737,106,104,20170401
0021601139,1610612751,1610612753,121,111,20170401
0021601140,1610612750,1610612758,117,123,20170401
0021601141,1610612757,1610612756,130,117,20170401
0021601145,1610612752,1610612738,94,110,20170402
0021601142,1610612760,1610612766,101,113,20170402
0021601143,1610612747,1610612763,108,103,20170402
0021601144,1610612749,1610612742,105,109,20170402
0021601151,1610612759,1610612762,109,103,20170402
0021601146,1610612740,1610612741,110,117,20170402
0021601147,1610612761,1610612755,113,105,20170402
0021601148,1610612751,1610612737,91,82,20170402
0021601149,1610612748,1610612743,113,116,20170402
0021601150,1610612739,1610612754,135,130,20170402
0021601152,1610612744,1610612764,139,115,20170402
0021601153,1610612756,1610612745,116,123,20170402
0021600940,1610612750,1610612757,110,109,20170403
0021601154,1610612755,1610612751,118,141,20170404
0021601155,1610612764,1610612766,118,111,20170404
0021601156,1610612739,1610612753,122,102,20170404
0021601157,1610612754,1610612761,108,90,20170404
0021601158,1610612740,1610612743,131,134,20170404
0021601159,1610612760,1610612749,110,79,20170404
0021601160,1610612752,1610612741,100,91,20170404
0021601161,1610612759,1610612763,95,89,20170404
0021601164,1610612762,1610612757,106,87,20170404
0021601162,1610612744,1610612750,121,107,20170404
0021601163,1610612758,1610612742,98,87,20170404
0021601165,1610612766,1610612748,99,112,20170405
0021601166,1610612765,1610612761,102,105,20170405
0021601167,1610612763,1610612760,100,103,20170405
0021601168,1610612745,1610612743,110,104,20170405
0021601169,1610612738,1610612739,91,114,20170405
0021601170,1610612759,1610612747,95,102,20170405
0021601171,1610612756,1610612744,111,120,20170405
0021601172,1610612746,1610612742,112,101,20170405
0021601173,1610612755,1610612741,90,102,20170406
0021601174,1610612753,1610612751,115,107,20170406
0021601175,1610612754,1610612749,104,89,20170406
0021601176,1610612752,1610612764,103,106,20170406
0021601177,1610612737,1610612738,123,116,20170406
0021601178,1610612757,1610612750,105,98,20170406
0021601179,1610612739,1610612737,100,114,20170407
0021601180,1610612761,1610612748,96,94,20170407
0021601181,1610612763,1610612752,101,88,20170407
0021601182,1610612745,1610612765,109,114,20170407
0021601183,1610612742,1610612759,89,102,20170407
0021601184,1610612743,1610612740,122,106,20170407
0021601185,1610612762,1610612750,120,113,20170407
0021601186,1610612756,1610612760,120,99,20170407
0021601187,1610612747,1610612758,98,94,20170407
0021601188,1610612751,1610612741,107,106,20170408
0021601189,1610612766,1610612738,114,121,20170408
0021601190,1610612753,1610612754,112,127,20170408
0021601191,1610612755,1610612749,82,90,20170408
0021601192,1610612764,1610612748,103,106,20170408
0021601193,1610612759,1610612746,87,98,20170408
0021601194,1610612757,1610612762,101,86,20170408
0021601195,1610612744,1610612740,123,101,20170408
0021601196,1610612752,1610612761,97,110,20170409
0021601197,1610612737,1610612739,126,125,20170409
0021601198,1610612743,1610612760,105,106,20170409
0021601199,1610612756,1610612742,124,111,20170409
0021601200,1610612758,1610612745,128,135,20170409
0021601201,1610612763,1610612765,90,103,20170409
0021601202,1610612747,1610612750,110,109,20170409
0021601203,1610612755,1610612754,111,120,20170410
0021601204,1610612738,1610612751,114,105,20170410
0021601205,1610612748,1610612739,124,121,20170410
0021601206,1610612741,1610612753,122,75,20170410
0021601207,1610612749,1610612766,89,79,20170410
0021601208,1610612765,1610612764,101,105,20170410
0021601209,1610612757,1610612759,99,98,20170410
0021601210,1610612746,1610612745,125,96,20170410
0021601211,1610612744,1610612762,99,105,20170410
0021601212,1610612737,1610612766,103,76,20170411
0021601213,1610612750,1610612760,98,100,20170411
0021601214,1610612742,1610612743,91,109,20170411
0021601215,1610612747,1610612740,108,96,20170411
0021601216,1610612758,1610612756,129,104,20170411
0021601217,1610612753,1610612765,113,109,20170412
0021601218,1610612739,1610612761,83,98,20170412
0021601219,1610612738,1610612749,112,94,20170412
0021601220,1610612752,1610612755,114,113,20170412
0021601221,1610612748,1610612764,110,102,20170412
0021601222,1610612741,1610612751,112,73,20170412
0021601223,1610612763,1610612742,93,100,20170412
0021601224,1610612745,1610612750,123,118,20170412
0021601225,1610612760,1610612743,105,111,20170412
0021601226,1610612754,1610612737,104,86,20170412
0021601227,1610612762,1610612759,101,97,20170412
0021601228,1610612746,1610612758,115,95,20170412
0021601229,1610612744,1610612747,109,94,20170412
0021601230,1610612757,1610612740,100,103,20170412
0041600111,1610612739,1610612754,109,108,20170415
0041600121,1610612761,1610612749,83,97,20170415
0041600151,1610612759,1610612763,111,82,20170415
0041600171,1610612746,1610612762,95,97,20170415
0041600131,1610612764,1610612737,114,107,20170416
0041600141,1610612744,1610612757,121,109,20170416
0041600101,1610612738,1610612741,102,106,20170416
0041600161,1610612745,1610612760,118,87,20170416
0041600112,1610612739,1610612754,117,111,20170417
0041600152,1610612759,1610612763,96,82,20170417
0041600122,1610612761,1610612749,106,100,20170418
0041600102,1610612738,1610612741,97,111,20170418
0041600172,1610612746,1610612762,99,91,20170418
0041600132,1610612764,1610612737,109,101,20170419
0041600162,1610612745,1610612760,115,111,20170419
0041600142,1610612744,1610612757,110,81,20170419
0041600113,1610612754,1610612739,114,119,20170420
0041600123,1610612749,1610612761,104,77,20170420
0041600153,1610612763,1610612759,105,94,20170420
0041600103,1610612741,1610612738,87,104,20170421
0041600163,1610612760,1610612745,115,113,20170421
0041600173,1610612762,1610612746,106,111,20170421
0041600124,1610612749,1610612761,76,87,20170422
0041600133,1610612737,1610612764,116,98,20170422
0041600154,1610612763,1610612759,110,108,20170422
0041600143,1610612757,1610612744,113,119,20170422
0041600114,1610612754,1610612739,102,106,20170423
0041600164,1610612760,1610612745,109,113,20170423
0041600104,1610612741,1610612738,95,104,20170423
0041600174,1610612762,1610612746,105,98,20170423
0041600125,1610612761,1610612749,118,93,20170424
0041600134,1610612737,1610612764,111,101,20170424
0041600144,1610612757,1610612744,103,128,20170424
0041600165,1610612745,1610612760,105,99,20170425
0041600155,1610612759,1610612763,116,103,20170425
0041600175,1610612746,1610612762,92,96,20170425
0041600135,1610612764,1610612737,103,99,20170426
0041600105,1610612738,1610612741,108,97,20170426
0041600126,1610612749,1610612761,89,92,20170427
0041600156,1610612763,1610612759,96,103,20170427
0041600136,1610612737,1610612764,99,115,20170428
0041600106,1610612741,1610612738,83,105,20170428
0041600176,1610612762,1610612746,93,98,20170428
0041600201,1610612738,1610612764,123,111,20170430
0041600177,1610612746,1610612762,91,104,20170430
0041600211,1610612739,1610612761,116,105,20170501
0041600231,1610612759,1610612745,99,126,20170501
0041600202,1610612738,1610612764,129,119,20170502
0041600221,1610612744,1610612762,106,94,20170502
0041600212,1610612739,1610612761,125,103,20170503
0041600232,1610612759,1610612745,121,96,20170503
0041600203,1610612764,1610612738,116,89,20170504
0041600222,1610612744,1610612762,115,104,20170504
0041600213,1610612761,1610612739,94,115,20170505
0041600233,1610612745,1610612759,92,103,20170505
0041600223,1610612762,1610612744,91,102,20170506
0041600214,1610612761,1610612739,102,109,20170507
0041600204,1610612764,1610612738,121,102,20170507
0041600234,1610612745,1610612759,125,104,20170507
0041600224,1610612762,1610612744,95,121,20170508
0041600235,1610612759,1610612745,110,107,20170509
0041600205,1610612738,1610612764,123,101,20170510
0041600236,1610612745,1610612759,75,114,20170511
0041600206,1610612764,1610612738,92,91,20170512
0041600311,1610612744,1610612759,113,111,20170514
0041600207,1610612738,1610612764,115,105,20170515
0041600312,1610612744,1610612759,136,100,20170516
0041600301,1610612738,1610612739,104,117,20170517
0041600302,1610612738,1610612739,86,130,20170519
0041600313,1610612759,1610612744,108,120,20170520
0041600303,1610612739,1610612738,108,111,20170521
0041600314,1610612759,1610612744,115,129,20170522
0041600304,1610612739,1610612738,112,99,20170523
0041600305,1610612738,1610612739,102,135,20170525
0041600401,1610612744,1610612739,113,91,20170601
0041600402,1610612744,1610612739,132,113,20170604
0041600403,1610612739,1610612744,113,118,20170607
0041600404,1610612739,1610612744,137,116,20170609
0041600405,1610612744,1610612739,129,120,20170612
